model,bit_width,method,unit,correct_to_wrong,wrong_to_correct,discordant_pairs,minimum_two_sided_exact_p,log2_minimum_exact_p,raw_0_05_attainable,first_bh_cutoff_attainable,observed_exact_p,observed_fdr_p
ResNet-18,4,ptq,conv1_conv/kernel,6229,164,6393,0.0,-6392,True,True,0.0,0.0
ResNet-18,4,ptq,stack0_block0_1_conv/kernel,3996,224,4220,0.0,-4219,True,True,0.0,0.0
ResNet-18,4,ptq,stack0_block0_2_conv/kernel,807,202,1009,3.645561009778199e-304,-1008,True,True,3.812672215534475e-86,2.0016529131555996e-85
ResNet-18,4,ptq,stack0_block1_1_conv/kernel,3493,174,3667,0.0,-3666,True,True,0.0,0.0
ResNet-18,4,ptq,stack0_block1_2_conv/kernel,308,152,460,6.717876107567089e-139,-459,True,True,2.944800913951976e-13,6.871202132554612e-13
ResNet-18,4,ptq,stack1_block0_1_conv/kernel,585,131,716,5.801671039719116e-216,-715,True,True,2.6790102681644137e-69,1.1251843126290536e-68
ResNet-18,4,ptq,stack1_block0_0_conv/kernel,286,232,518,2.3307314785000646e-156,-517,True,True,0.0197877179350112,0.0296815769025168
ResNet-18,4,ptq,stack1_block0_2_conv/kernel,280,173,453,8.598881417685874e-137,-452,True,True,5.657209581506083e-07,1.1880140121162776e-06
ResNet-18,4,ptq,stack1_block1_1_conv/kernel,568,248,816,4.5767114681873503e-246,-815,True,True,1.0843754586358645e-29,3.2531263759075927e-29
ResNet-18,4,ptq,stack1_block1_2_conv/kernel,141,102,243,1.4149498560666738e-73,-242,True,True,0.0146115254470508,0.0236032334144668
ResNet-18,4,ptq,stack2_block0_1_conv/kernel,448,130,578,2.0215873059760975e-174,-577,True,True,7.269680207662367e-42,2.5443880726818286e-41
ResNet-18,4,ptq,stack2_block0_0_conv/kernel,131,89,220,1.1869459682199748e-66,-219,True,True,0.0055840070332223,0.009772012308139
ResNet-18,4,ptq,stack2_block0_2_conv/kernel,243,150,393,9.913835302014255e-119,-392,True,True,3.140548539911173e-06,5.995592667103149e-06
ResNet-18,4,ptq,stack2_block1_1_conv/kernel,344,128,472,1.6401064715739963e-142,-471,True,True,6.791804217449848e-24,1.7828486070805848e-23
ResNet-18,4,ptq,stack2_block1_2_conv/kernel,98,118,216,1.8991135491519597e-65,-215,True,True,0.1959698446542187,0.2420803963375644
ResNet-18,4,ptq,stack3_block0_1_conv/kernel,114,84,198,4.9784122222889134e-60,-197,True,True,0.0390390559121714,0.05465467827704
ResNet-18,4,ptq,stack3_block0_0_conv/kernel,59,74,133,1.8367099231598242e-40,-132,True,True,0.2246299298583627,0.2620682515014232
ResNet-18,4,ptq,stack3_block0_2_conv/kernel,91,70,161,6.842277657836021e-49,-160,True,True,0.1146959432696525,0.150538425541419
ResNet-18,4,ptq,stack3_block1_1_conv/kernel,81,73,154,8.758115402030107e-47,-153,True,True,0.5728459689997074,0.6014882674496927
ResNet-18,4,ptq,stack3_block1_2_conv/kernel,92,77,169,2.6727647100921956e-51,-168,True,True,0.2814784417058236,0.3111077513590682
ResNet-18,4,ptq,cifar10_predictions/kernel,70,66,136,2.2958874039497803e-41,-135,True,True,0.7971023348689008,0.7971023348689008
ResNet-18,4,codebook,conv1_conv/kernel,8044,182,8226,0.0,-8225,True,True,0.0,0.0
ResNet-18,4,codebook,stack0_block0_1_conv/kernel,419,218,637,3.506894958413445e-192,-636,True,True,1.3412595816631165e-15,4.6944085358209076e-15
ResNet-18,4,codebook,stack0_block0_2_conv/kernel,764,195,959,4.1045368012983762e-289,-958,True,True,3.713262387204059e-80,2.5992836710428416e-79
ResNet-18,4,codebook,stack0_block1_1_conv/kernel,907,233,1140,0.0,-1139,True,True,2.8174024097551733e-94,2.958272530242932e-93
ResNet-18,4,codebook,stack0_block1_2_conv/kernel,127,109,236,1.8111358157653425e-71,-235,True,True,0.2684273116918929,0.3273780039814131
ResNet-18,4,codebook,stack1_block0_1_conv/kernel,369,161,530,5.6902623986817984e-160,-529,True,True,8.153554600181618e-20,3.424492932076279e-19
ResNet-18,4,codebook,stack1_block0_0_conv/kernel,298,158,456,1.0748601772107342e-137,-455,True,True,5.3729749071878165e-11,1.6118924721563448e-10
ResNet-18,4,codebook,stack1_block0_2_conv/kernel,165,120,285,3.217223493417518e-86,-284,True,True,0.0090334300498353,0.0145924639266571
ResNet-18,4,codebook,stack1_block1_1_conv/kernel,355,117,472,1.6401064715739963e-142,-471,True,True,6.410922055262765e-29,3.365734079012951e-28
ResNet-18,4,codebook,stack1_block1_2_conv/kernel,59,100,159,2.7369110631344083e-48,-158,True,True,0.0014344637604203,0.0027385217244389
ResNet-18,4,codebook,stack2_block0_1_conv/kernel,189,125,314,5.992545734006014e-95,-313,True,True,0.0003618623633996,0.0007599109631392
ResNet-18,4,codebook,stack2_block0_0_conv/kernel,116,125,241,5.659799424266695e-73,-240,True,True,0.6064179145503248,0.6064179145503248
ResNet-18,4,codebook,stack2_block0_2_conv/kernel,104,52,156,2.1895288505075267e-47,-155,True,True,3.807686266744049e-05,8.884601289069449e-05
ResNet-18,4,codebook,stack2_block1_1_conv/kernel,145,76,221,5.934729841099874e-67,-220,True,True,4.031074893667259e-06,1.0581571595876556e-05
ResNet-18,4,codebook,stack2_block1_2_conv/kernel,58,39,97,1.262177448353619e-29,-96,True,True,0.0670517953528908,0.1005776930293363
ResNet-18,4,codebook,stack3_block0_1_conv/kernel,89,56,145,4.484155085839415e-44,-144,True,True,0.0076560527926781,0.0133980923871867
ResNet-18,4,codebook,stack3_block0_0_conv/kernel,63,70,133,1.8367099231598242e-40,-132,True,True,0.6030463891288798,0.6064179145503248
ResNet-18,4,codebook,stack3_block0_2_conv/kernel,52,38,90,1.6155871338926322e-27,-89,True,True,0.1702423950460736,0.2234431434979716
ResNet-18,4,codebook,stack3_block1_1_conv/kernel,51,35,86,2.5849394142282115e-26,-85,True,True,0.1052253512569439,0.1473154917597215
ResNet-18,4,codebook,stack3_block1_2_conv/kernel,23,32,55,5.551115123125783e-17,-54,True,True,0.2806097176983541,0.3273780039814131
ResNet-18,4,codebook,cifar10_predictions/kernel,68,57,125,4.70197740328915e-38,-124,True,True,0.3711606948508095,0.4102302416772105
ResNet-18,8,ptq,conv1_conv/kernel,162,109,271,5.271098971615262e-82,-270,True,True,0.0015369645660392,0.0322762558868238
ResNet-18,8,ptq,stack0_block0_1_conv/kernel,71,76,147,1.1210387714598537e-44,-146,True,True,0.7415919424461606,1.0
ResNet-18,8,ptq,stack0_block0_2_conv/kernel,23,31,54,1.1102230246251565e-16,-53,True,True,0.3408909412200971,1.0
ResNet-18,8,ptq,stack0_block1_1_conv/kernel,35,41,76,2.6469779601696886e-23,-75,True,True,0.566573442398685,1.0
ResNet-18,8,ptq,stack0_block1_2_conv/kernel,18,13,31,9.313225746154785e-10,-30,True,True,0.4731296598911285,1.0
ResNet-18,8,ptq,stack1_block0_1_conv/kernel,13,32,45,5.684341886080802e-14,-44,True,True,0.0066088228422813,0.0693926398439543
ResNet-18,8,ptq,stack1_block0_0_conv/kernel,14,13,27,1.4901161193847656e-08,-26,True,True,1.0,1.0
ResNet-18,8,ptq,stack1_block0_2_conv/kernel,7,16,23,2.384185791015625e-07,-22,True,True,0.0931396484375,0.488983154296875
ResNet-18,8,ptq,stack1_block1_1_conv/kernel,33,18,51,8.881784197001252e-16,-50,True,True,0.0488738923182703,0.3421172462278923
ResNet-18,8,ptq,stack1_block1_2_conv/kernel,8,12,20,1.9073486328125e-06,-19,True,True,0.5034446716308594,1.0
ResNet-18,8,ptq,stack2_block0_1_conv/kernel,10,11,21,9.5367431640625e-07,-20,True,True,1.0,1.0
ResNet-18,8,ptq,stack2_block0_0_conv/kernel,3,5,8,0.0078125,-7,True,False,0.7265625,1.0
ResNet-18,8,ptq,stack2_block0_2_conv/kernel,9,8,17,1.52587890625e-05,-16,True,True,1.0,1.0
ResNet-18,8,ptq,stack2_block1_1_conv/kernel,12,11,23,2.384185791015625e-07,-22,True,True,1.0,1.0
ResNet-18,8,ptq,stack2_block1_2_conv/kernel,6,6,12,0.00048828125,-11,True,True,1.0,1.0
ResNet-18,8,ptq,stack3_block0_1_conv/kernel,4,5,9,0.00390625,-8,True,False,1.0,1.0
ResNet-18,8,ptq,stack3_block0_0_conv/kernel,3,6,9,0.00390625,-8,True,False,0.5078125,1.0
ResNet-18,8,ptq,stack3_block0_2_conv/kernel,3,6,9,0.00390625,-8,True,False,0.5078125,1.0
ResNet-18,8,ptq,stack3_block1_1_conv/kernel,3,3,6,0.03125,-5,True,False,1.0,1.0
ResNet-18,8,ptq,stack3_block1_2_conv/kernel,5,5,10,0.001953125,-9,True,True,1.0,1.0
ResNet-18,8,ptq,cifar10_predictions/kernel,6,6,12,0.00048828125,-11,True,True,1.0,1.0
ResNet-18,8,codebook,conv1_conv/kernel,135,83,218,4.7477838728798994e-66,-217,True,True,0.0005226312011749,0.0109752552246743
ResNet-18,8,codebook,stack0_block0_1_conv/kernel,29,38,67,1.3552527156068805e-20,-66,True,True,0.3284320626971897,0.862134164580123
ResNet-18,8,codebook,stack0_block0_2_conv/kernel,14,20,34,1.1641532182693481e-10,-33,True,True,0.391528305131942,0.8650568181818182
ResNet-18,8,codebook,stack0_block1_1_conv/kernel,26,30,56,2.7755575615628914e-17,-55,True,True,0.6888797607233395,0.95361328125
ResNet-18,8,codebook,stack0_block1_2_conv/kernel,5,7,12,0.00048828125,-11,True,True,0.7744140625,0.9566291360294118
ResNet-18,8,codebook,stack1_block0_1_conv/kernel,13,21,34,1.1641532182693481e-10,-33,True,True,0.2294810130260884,0.6884430390782654
ResNet-18,8,codebook,stack1_block0_0_conv/kernel,8,16,24,1.1920928955078125e-07,-23,True,True,0.1515896320343017,0.6884430390782654
ResNet-18,8,codebook,stack1_block0_2_conv/kernel,9,11,20,1.9073486328125e-06,-19,True,True,0.8238029479980469,0.9611034393310548
ResNet-18,8,codebook,stack1_block1_1_conv/kernel,14,18,32,4.656612873077393e-10,-31,True,True,0.5966148958541453,0.9375
ResNet-18,8,codebook,stack1_block1_2_conv/kernel,5,3,8,0.0078125,-7,True,False,0.7265625,0.95361328125
ResNet-18,8,codebook,stack2_block0_1_conv/kernel,5,11,16,3.0517578125e-05,-15,True,True,0.210113525390625,0.6884430390782654
ResNet-18,8,codebook,stack2_block0_0_conv/kernel,1,3,4,0.125,-3,False,False,0.625,0.9375
ResNet-18,8,codebook,stack2_block0_2_conv/kernel,8,3,11,0.0009765625,-10,True,True,0.2265625,0.6884430390782654
ResNet-18,8,codebook,stack2_block1_1_conv/kernel,9,18,27,1.4901161193847656e-08,-26,True,True,0.1220781207084655,0.6884430390782654
ResNet-18,8,codebook,stack2_block1_2_conv/kernel,3,2,5,0.0625,-4,False,False,1.0,1.0
ResNet-18,8,codebook,stack3_block0_1_conv/kernel,4,3,7,0.015625,-6,True,False,1.0,1.0
ResNet-18,8,codebook,stack3_block0_0_conv/kernel,3,10,13,0.000244140625,-12,True,True,0.09228515625,0.6884430390782654
ResNet-18,8,codebook,stack3_block0_2_conv/kernel,1,2,3,0.25,-2,False,False,1.0,1.0
ResNet-18,8,codebook,stack3_block1_1_conv/kernel,2,5,7,0.015625,-6,True,False,0.453125,0.8650568181818182
ResNet-18,8,codebook,stack3_block1_2_conv/kernel,2,5,7,0.015625,-6,True,False,0.453125,0.8650568181818182
ResNet-18,8,codebook,cifar10_predictions/kernel,1,3,4,0.125,-3,False,False,0.625,0.9375
DistilBERT,4,codebook,transformer_layer_2/feedforward_intermediate_dense/kernel,5,3,8,0.0078125,-7,True,False,0.7265625,1.0
DistilBERT,4,codebook,transformer_layer_0/self_attention_layer/attention_output/kernel,3,1,4,0.125,-3,False,False,0.625,1.0
DistilBERT,4,codebook,transformer_layer_2/feedforward_output_dense/kernel,3,1,4,0.125,-3,False,False,0.625,1.0
DistilBERT,4,codebook,transformer_layer_5/self_attention_layer/query/kernel,2,0,2,0.5,-1,False,False,0.5,1.0
DistilBERT,4,codebook,transformer_layer_2/self_attention_layer/value/kernel,2,1,3,0.25,-2,False,False,1.0,1.0
DistilBERT,4,codebook,transformer_layer_2/self_attention_layer/query/kernel,2,2,4,0.125,-3,False,False,1.0,1.0
DistilBERT,4,codebook,logits/kernel,0,0,0,1.0,0,False,False,1.0,1.0
DistilBERT,4,codebook,token_and_position_embedding/token_embedding/embeddings,4,5,9,0.00390625,-8,True,False,1.0,1.0
DistilBERT,4,codebook,transformer_layer_0/self_attention_layer/query/kernel,0,1,1,1.0,0,False,False,1.0,1.0
DistilBERT,4,codebook,transformer_layer_0/feedforward_output_dense/kernel,0,1,1,1.0,0,False,False,1.0,1.0
DistilBERT,4,codebook,transformer_layer_2/self_attention_layer/attention_output/kernel,0,1,1,1.0,0,False,False,1.0,1.0
DistilBERT,4,codebook,transformer_layer_5/self_attention_layer/attention_output/kernel,0,1,1,1.0,0,False,False,1.0,1.0
DistilBERT,4,codebook,transformer_layer_5/feedforward_output_dense/kernel,0,1,1,1.0,0,False,False,1.0,1.0
DistilBERT,4,codebook,pooled_dense/kernel,0,1,1,1.0,0,False,False,1.0,1.0
DistilBERT,4,codebook,token_and_position_embedding/position_embedding/embeddings,3,6,9,0.00390625,-8,True,False,0.5078125,1.0
DistilBERT,4,ptq,transformer_layer_2/feedforward_intermediate_dense/kernel,3,2,5,0.0625,-4,False,False,1.0,1.0
DistilBERT,4,ptq,token_and_position_embedding/position_embedding/embeddings,2,1,3,0.25,-2,False,False,1.0,1.0
DistilBERT,4,ptq,transformer_layer_2/self_attention_layer/query/kernel,2,1,3,0.25,-2,False,False,1.0,1.0
DistilBERT,4,ptq,transformer_layer_2/self_attention_layer/attention_output/kernel,2,1,3,0.25,-2,False,False,1.0,1.0
DistilBERT,4,ptq,transformer_layer_5/self_attention_layer/query/kernel,2,1,3,0.25,-2,False,False,1.0,1.0
DistilBERT,4,ptq,transformer_layer_0/feedforward_output_dense/kernel,2,2,4,0.125,-3,False,False,1.0,1.0
DistilBERT,4,ptq,transformer_layer_0/self_attention_layer/attention_output/kernel,1,1,2,0.5,-1,False,False,1.0,1.0
DistilBERT,4,ptq,transformer_layer_5/feedforward_output_dense/kernel,0,0,0,1.0,0,False,False,1.0,1.0
DistilBERT,4,ptq,pooled_dense/kernel,0,0,0,1.0,0,False,False,1.0,1.0
DistilBERT,4,ptq,transformer_layer_0/self_attention_layer/query/kernel,1,2,3,0.25,-2,False,False,1.0,1.0
DistilBERT,4,ptq,transformer_layer_5/self_attention_layer/attention_output/kernel,0,1,1,1.0,0,False,False,1.0,1.0
DistilBERT,4,ptq,logits/kernel,0,1,1,1.0,0,False,False,1.0,1.0
DistilBERT,4,ptq,transformer_layer_2/feedforward_output_dense/kernel,3,5,8,0.0078125,-7,True,False,0.7265625,1.0
DistilBERT,4,ptq,transformer_layer_2/self_attention_layer/value/kernel,2,4,6,0.03125,-5,True,False,0.6875,1.0
DistilBERT,4,ptq,token_and_position_embedding/token_embedding/embeddings,5,8,13,0.000244140625,-12,True,True,0.5810546875,1.0
DistilBERT,8,ptq,token_and_position_embedding/token_embedding/embeddings,0,0,0,1.0,0,False,False,1.0,1.0
DistilBERT,8,ptq,token_and_position_embedding/position_embedding/embeddings,0,0,0,1.0,0,False,False,1.0,1.0
DistilBERT,8,ptq,transformer_layer_0/self_attention_layer/query/kernel,0,1,1,1.0,0,False,False,1.0,1.0
DistilBERT,8,ptq,transformer_layer_0/self_attention_layer/key/kernel,0,0,0,1.0,0,False,False,1.0,1.0
DistilBERT,8,ptq,transformer_layer_0/self_attention_layer/value/kernel,0,0,0,1.0,0,False,False,1.0,1.0
DistilBERT,8,ptq,transformer_layer_0/self_attention_layer/attention_output/kernel,0,0,0,1.0,0,False,False,1.0,1.0
DistilBERT,8,ptq,transformer_layer_0/feedforward_intermediate_dense/kernel,0,1,1,1.0,0,False,False,1.0,1.0
DistilBERT,8,ptq,transformer_layer_0/feedforward_output_dense/kernel,0,2,2,0.5,-1,False,False,0.5,1.0
DistilBERT,8,ptq,transformer_layer_1/self_attention_layer/query/kernel,0,0,0,1.0,0,False,False,1.0,1.0
DistilBERT,8,ptq,transformer_layer_1/self_attention_layer/key/kernel,0,0,0,1.0,0,False,False,1.0,1.0
DistilBERT,8,ptq,transformer_layer_1/self_attention_layer/value/kernel,1,0,1,1.0,0,False,False,1.0,1.0
DistilBERT,8,ptq,transformer_layer_1/self_attention_layer/attention_output/kernel,0,0,0,1.0,0,False,False,1.0,1.0
DistilBERT,8,ptq,transformer_layer_1/feedforward_intermediate_dense/kernel,0,1,1,1.0,0,False,False,1.0,1.0
DistilBERT,8,ptq,transformer_layer_1/feedforward_output_dense/kernel,0,1,1,1.0,0,False,False,1.0,1.0
DistilBERT,8,ptq,transformer_layer_2/self_attention_layer/query/kernel,0,0,0,1.0,0,False,False,1.0,1.0
DistilBERT,8,ptq,transformer_layer_2/self_attention_layer/key/kernel,0,0,0,1.0,0,False,False,1.0,1.0
DistilBERT,8,ptq,transformer_layer_2/self_attention_layer/value/kernel,0,0,0,1.0,0,False,False,1.0,1.0
DistilBERT,8,ptq,transformer_layer_2/self_attention_layer/attention_output/kernel,0,0,0,1.0,0,False,False,1.0,1.0
DistilBERT,8,ptq,transformer_layer_2/feedforward_intermediate_dense/kernel,1,1,2,0.5,-1,False,False,1.0,1.0
DistilBERT,8,ptq,transformer_layer_2/feedforward_output_dense/kernel,1,1,2,0.5,-1,False,False,1.0,1.0
DistilBERT,8,ptq,transformer_layer_3/self_attention_layer/query/kernel,0,0,0,1.0,0,False,False,1.0,1.0
DistilBERT,8,ptq,transformer_layer_3/self_attention_layer/key/kernel,0,0,0,1.0,0,False,False,1.0,1.0
DistilBERT,8,ptq,transformer_layer_3/self_attention_layer/value/kernel,0,1,1,1.0,0,False,False,1.0,1.0
DistilBERT,8,ptq,transformer_layer_3/self_attention_layer/attention_output/kernel,0,0,0,1.0,0,False,False,1.0,1.0
DistilBERT,8,ptq,transformer_layer_3/feedforward_intermediate_dense/kernel,0,0,0,1.0,0,False,False,1.0,1.0
DistilBERT,8,ptq,transformer_layer_3/feedforward_output_dense/kernel,0,0,0,1.0,0,False,False,1.0,1.0
DistilBERT,8,ptq,transformer_layer_4/self_attention_layer/query/kernel,0,1,1,1.0,0,False,False,1.0,1.0
DistilBERT,8,ptq,transformer_layer_4/self_attention_layer/key/kernel,1,1,2,0.5,-1,False,False,1.0,1.0
DistilBERT,8,ptq,transformer_layer_4/self_attention_layer/value/kernel,0,1,1,1.0,0,False,False,1.0,1.0
DistilBERT,8,ptq,transformer_layer_4/self_attention_layer/attention_output/kernel,0,0,0,1.0,0,False,False,1.0,1.0
DistilBERT,8,ptq,transformer_layer_4/feedforward_intermediate_dense/kernel,0,1,1,1.0,0,False,False,1.0,1.0
DistilBERT,8,ptq,transformer_layer_4/feedforward_output_dense/kernel,0,0,0,1.0,0,False,False,1.0,1.0
DistilBERT,8,ptq,transformer_layer_5/self_attention_layer/query/kernel,0,0,0,1.0,0,False,False,1.0,1.0
DistilBERT,8,ptq,transformer_layer_5/self_attention_layer/key/kernel,0,0,0,1.0,0,False,False,1.0,1.0
DistilBERT,8,ptq,transformer_layer_5/self_attention_layer/value/kernel,0,0,0,1.0,0,False,False,1.0,1.0
DistilBERT,8,ptq,transformer_layer_5/self_attention_layer/attention_output/kernel,0,0,0,1.0,0,False,False,1.0,1.0
DistilBERT,8,ptq,transformer_layer_5/feedforward_intermediate_dense/kernel,0,0,0,1.0,0,False,False,1.0,1.0
DistilBERT,8,ptq,transformer_layer_5/feedforward_output_dense/kernel,0,0,0,1.0,0,False,False,1.0,1.0
DistilBERT,8,ptq,pooled_dense/kernel,0,0,0,1.0,0,False,False,1.0,1.0
DistilBERT,8,ptq,logits/kernel,0,0,0,1.0,0,False,False,1.0,1.0
DistilBERT,8,codebook,token_and_position_embedding/token_embedding/embeddings,0,2,2,0.5,-1,False,False,0.5,1.0
DistilBERT,8,codebook,token_and_position_embedding/position_embedding/embeddings,0,2,2,0.5,-1,False,False,0.5,1.0
DistilBERT,8,codebook,transformer_layer_0/self_attention_layer/query/kernel,0,0,0,1.0,0,False,False,1.0,1.0
DistilBERT,8,codebook,transformer_layer_0/self_attention_layer/key/kernel,0,0,0,1.0,0,False,False,1.0,1.0
DistilBERT,8,codebook,transformer_layer_0/self_attention_layer/value/kernel,0,0,0,1.0,0,False,False,1.0,1.0
DistilBERT,8,codebook,transformer_layer_0/self_attention_layer/attention_output/kernel,0,0,0,1.0,0,False,False,1.0,1.0
DistilBERT,8,codebook,transformer_layer_0/feedforward_intermediate_dense/kernel,0,0,0,1.0,0,False,False,1.0,1.0
DistilBERT,8,codebook,transformer_layer_0/feedforward_output_dense/kernel,0,1,1,1.0,0,False,False,1.0,1.0
DistilBERT,8,codebook,transformer_layer_1/self_attention_layer/query/kernel,0,0,0,1.0,0,False,False,1.0,1.0
DistilBERT,8,codebook,transformer_layer_1/self_attention_layer/key/kernel,0,1,1,1.0,0,False,False,1.0,1.0
DistilBERT,8,codebook,transformer_layer_1/self_attention_layer/value/kernel,0,0,0,1.0,0,False,False,1.0,1.0
DistilBERT,8,codebook,transformer_layer_1/self_attention_layer/attention_output/kernel,0,0,0,1.0,0,False,False,1.0,1.0
DistilBERT,8,codebook,transformer_layer_1/feedforward_intermediate_dense/kernel,0,0,0,1.0,0,False,False,1.0,1.0
DistilBERT,8,codebook,transformer_layer_1/feedforward_output_dense/kernel,6,6,12,0.00048828125,-11,True,True,1.0,1.0
DistilBERT,8,codebook,transformer_layer_2/self_attention_layer/query/kernel,0,1,1,1.0,0,False,False,1.0,1.0
DistilBERT,8,codebook,transformer_layer_2/self_attention_layer/key/kernel,1,1,2,0.5,-1,False,False,1.0,1.0
DistilBERT,8,codebook,transformer_layer_2/self_attention_layer/value/kernel,0,0,0,1.0,0,False,False,1.0,1.0
DistilBERT,8,codebook,transformer_layer_2/self_attention_layer/attention_output/kernel,0,1,1,1.0,0,False,False,1.0,1.0
DistilBERT,8,codebook,transformer_layer_2/feedforward_intermediate_dense/kernel,2,0,2,0.5,-1,False,False,0.5,1.0
DistilBERT,8,codebook,transformer_layer_2/feedforward_output_dense/kernel,2,1,3,0.25,-2,False,False,1.0,1.0
DistilBERT,8,codebook,transformer_layer_3/self_attention_layer/query/kernel,0,0,0,1.0,0,False,False,1.0,1.0
DistilBERT,8,codebook,transformer_layer_3/self_attention_layer/key/kernel,1,1,2,0.5,-1,False,False,1.0,1.0
DistilBERT,8,codebook,transformer_layer_3/self_attention_layer/value/kernel,0,0,0,1.0,0,False,False,1.0,1.0
DistilBERT,8,codebook,transformer_layer_3/self_attention_layer/attention_output/kernel,0,0,0,1.0,0,False,False,1.0,1.0
DistilBERT,8,codebook,transformer_layer_3/feedforward_intermediate_dense/kernel,0,0,0,1.0,0,False,False,1.0,1.0
DistilBERT,8,codebook,transformer_layer_3/feedforward_output_dense/kernel,0,1,1,1.0,0,False,False,1.0,1.0
DistilBERT,8,codebook,transformer_layer_4/self_attention_layer/query/kernel,0,0,0,1.0,0,False,False,1.0,1.0
DistilBERT,8,codebook,transformer_layer_4/self_attention_layer/key/kernel,0,2,2,0.5,-1,False,False,0.5,1.0
DistilBERT,8,codebook,transformer_layer_4/self_attention_layer/value/kernel,0,0,0,1.0,0,False,False,1.0,1.0
DistilBERT,8,codebook,transformer_layer_4/self_attention_layer/attention_output/kernel,0,0,0,1.0,0,False,False,1.0,1.0
DistilBERT,8,codebook,transformer_layer_4/feedforward_intermediate_dense/kernel,0,0,0,1.0,0,False,False,1.0,1.0
DistilBERT,8,codebook,transformer_layer_4/feedforward_output_dense/kernel,0,0,0,1.0,0,False,False,1.0,1.0
DistilBERT,8,codebook,transformer_layer_5/self_attention_layer/query/kernel,0,0,0,1.0,0,False,False,1.0,1.0
DistilBERT,8,codebook,transformer_layer_5/self_attention_layer/key/kernel,0,0,0,1.0,0,False,False,1.0,1.0
DistilBERT,8,codebook,transformer_layer_5/self_attention_layer/value/kernel,0,0,0,1.0,0,False,False,1.0,1.0
DistilBERT,8,codebook,transformer_layer_5/self_attention_layer/attention_output/kernel,0,0,0,1.0,0,False,False,1.0,1.0
DistilBERT,8,codebook,transformer_layer_5/feedforward_intermediate_dense/kernel,0,0,0,1.0,0,False,False,1.0,1.0
DistilBERT,8,codebook,transformer_layer_5/feedforward_output_dense/kernel,0,1,1,1.0,0,False,False,1.0,1.0
DistilBERT,8,codebook,pooled_dense/kernel,0,0,0,1.0,0,False,False,1.0,1.0
DistilBERT,8,codebook,logits/kernel,0,0,0,1.0,0,False,False,1.0,1.0
ViT-B/16,4,ptq,input_embedding,38,56,94,1.0097419586828951e-28,-93,True,True,0.078975548001082,0.5528288360075744
ViT-B/16,4,ptq,transformer_block_1,51,66,117,1.2037062152420224e-35,-116,True,True,0.1953490594045784,0.6837217079160244
ViT-B/16,4,ptq,transformer_block_3,32,29,61,8.673617379884035e-19,-60,True,True,0.7981526273057179,1.0
ViT-B/16,4,ptq,transformer_block_6,32,28,60,1.734723475976807e-18,-59,True,True,0.6988834276200058,1.0
ViT-B/16,4,ptq,transformer_block_9,24,25,49,3.552713678800501e-15,-48,True,True,1.0,1.0
ViT-B/16,4,ptq,transformer_block_11,30,28,58,6.938893903907228e-18,-57,True,True,0.8956832138895906,1.0
ViT-B/16,4,ptq,classifier,15,14,29,3.725290298461914e-09,-28,True,True,1.0,1.0
ViT-B/16,4,codebook,input_embedding,24,42,66,2.710505431213761e-20,-65,True,True,0.0355827244522316,0.1245395355828109
ViT-B/16,4,codebook,transformer_block_1,48,28,76,2.6469779601696886e-23,-75,True,True,0.0286266555087378,0.1245395355828109
ViT-B/16,4,codebook,transformer_block_3,23,28,51,8.881784197001252e-16,-50,True,True,0.5758493477318467,0.8163850159656467
ViT-B/16,4,codebook,transformer_block_6,29,24,53,2.220446049250313e-16,-52,True,True,0.5831321542611763,0.8163850159656467
ViT-B/16,4,codebook,transformer_block_9,24,22,46,2.842170943040401e-14,-45,True,True,0.8829959121223965,1.0
ViT-B/16,4,codebook,transformer_block_11,21,21,42,4.547473508864641e-13,-41,True,True,1.0,1.0
ViT-B/16,4,codebook,classifier,7,14,21,9.5367431640625e-07,-20,True,True,0.1892471313476562,0.4415766398111979
ViT-B/16,8,ptq,input_embedding,0,2,2,0.5,-1,False,False,0.5,0.7777777777777778
ViT-B/16,8,ptq,transformer_block_1,2,3,5,0.0625,-4,False,False,1.0,1.0
ViT-B/16,8,ptq,transformer_block_2,2,6,8,0.0078125,-7,True,False,0.2890625,0.578125
ViT-B/16,8,ptq,transformer_block_3,2,4,6,0.03125,-5,True,False,0.6875,0.8020833333333334
ViT-B/16,8,ptq,transformer_block_4,3,1,4,0.125,-3,False,False,0.625,0.7954545454545454
ViT-B/16,8,ptq,transformer_block_5,0,5,5,0.0625,-4,False,False,0.0625,0.2916666666666667
ViT-B/16,8,ptq,transformer_block_6,1,3,4,0.125,-3,False,False,0.625,0.7954545454545454
ViT-B/16,8,ptq,transformer_block_7,2,3,5,0.0625,-4,False,False,1.0,1.0
ViT-B/16,8,ptq,transformer_block_8,0,3,3,0.25,-2,False,False,0.25,0.578125
ViT-B/16,8,ptq,transformer_block_9,0,6,6,0.03125,-5,True,False,0.03125,0.2916666666666667
ViT-B/16,8,ptq,transformer_block_10,1,6,7,0.015625,-6,True,False,0.125,0.4375
ViT-B/16,8,ptq,transformer_block_11,0,5,5,0.0625,-4,False,False,0.0625,0.2916666666666667
ViT-B/16,8,ptq,transformer_block_12,1,5,6,0.03125,-5,True,False,0.21875,0.578125
ViT-B/16,8,ptq,classifier,0,2,2,0.5,-1,False,False,0.5,0.7777777777777778
ViT-B/16,8,codebook,input_embedding,2,2,4,0.125,-3,False,False,1.0,1.0
ViT-B/16,8,codebook,transformer_block_1,2,8,10,0.001953125,-9,True,True,0.109375,0.578125
ViT-B/16,8,codebook,transformer_block_2,1,3,4,0.125,-3,False,False,0.625,0.8242256858132102
ViT-B/16,8,codebook,transformer_block_3,11,8,19,3.814697265625e-06,-18,True,True,0.6476058959960938,0.8242256858132102
ViT-B/16,8,codebook,transformer_block_4,10,7,17,1.52587890625e-05,-16,True,True,0.629058837890625,0.8242256858132102
ViT-B/16,8,codebook,transformer_block_5,5,7,12,0.00048828125,-11,True,True,0.7744140625,0.833984375
ViT-B/16,8,codebook,transformer_block_6,18,12,30,1.862645149230957e-09,-29,True,True,0.3615946080535651,0.632790564093739
ViT-B/16,8,codebook,transformer_block_7,5,7,12,0.00048828125,-11,True,True,0.7744140625,0.833984375
ViT-B/16,8,codebook,transformer_block_8,1,5,6,0.03125,-5,True,False,0.21875,0.578125
ViT-B/16,8,codebook,transformer_block_9,1,6,7,0.015625,-6,True,False,0.125,0.578125
ViT-B/16,8,codebook,transformer_block_10,0,5,5,0.0625,-4,False,False,0.0625,0.578125
ViT-B/16,8,codebook,transformer_block_11,2,6,8,0.0078125,-7,True,False,0.2890625,0.578125
ViT-B/16,8,codebook,transformer_block_12,1,5,6,0.03125,-5,True,False,0.21875,0.578125
ViT-B/16,8,codebook,classifier,0,3,3,0.25,-2,False,False,0.25,0.578125
